ticker,date,title,url,domain,language,tone,source
MSFT,2023-05-01,Microsoft Teams Up with Top Tech Companies for Exciting Projects,https://www.thepacket.ca/microsoft-teams-up-with-top-tech-companies-for-exciting-projects/,thepacket.ca,English,0.0,gdelt_gkg
MSFT,2023-05-01,AR and VR in Healthcare Market Size Worth USD 6 . 94 Billion by 2030 at 42 . 42 % CAGR – Report by Market Research Future ( MRFR ) ,https://finance.yahoo.com/news/ar-vr-healthcare-market-size-131500837.html,finance.yahoo.com,English,0.0,gdelt_gkg
MSFT,2023-05-01,+ Financial Secrets That Most Seniors Never Hear About,https://my-senior-perks.com/american-senior-discounts?p=46&h=1859437375612238547&publisher=NEWS_US&adgroup=9780798003&creative=,my-senior-perks.com,English,0.0,gdelt_gkg
MSFT,2023-05-01,"Welcome To IANS Live - SCIENCE - AND - TECHNOLOGY - IAMAI promoting anti - Indian , pro - Big Tech views : MayMy India CEO",https://ianslive.in/news/iamai_promoting_anti_indian_pro_big_tech_views_maymy_india_ceo-964013/SCIENCE-AND-TECHNOLOGY/36,ianslive.in,English,0.0,gdelt_gkg
MSFT,2023-05-01,Credit Suisse collapse caused $68 billion loss in first quarter 2023,https://www.middleeaststar.com/news/273804350/credit-suisse-collapse-caused-68-billion-loss-in-first-quarter-2023,middleeaststar.com,English,0.0,gdelt_gkg
MSFT,2023-05-01,DAS Health Names New CEO to Continue Company Exponential Growth,https://finance.yahoo.com/news/das-health-names-ceo-continue-130500466.html,finance.yahoo.com,English,0.0,gdelt_gkg
MSFT,2023-05-01,"The Top 10 Buzziest Companies Gen Z Wants to Work for None of Them Are in Big Tech , Says New Report",https://www.nbcsandiego.com/news/business/money-report/the-top-10-buzziest-companies-gen-z-wants-to-work-for-none-of-them-are-in-big-tech-says-new-report/3219002/,nbcsandiego.com,English,0.0,gdelt_gkg
MSFT,2023-05-01,Dobrze płać i dbaj o środowisko . Pokolenie Z zmienia rynek pracy,"https://geekweek.interia.pl/raport-czlowiek-zapracowany-gatunek/news-dobrze-plac-i-dbaj-o-srodowisko-pokolenie-z-zmienia-rynek-pr,nId,6746349",geekweek.interia.pl,Polish,0.0,gdelt_gkg
MSFT,2023-05-01,  The Godfather of A . I . Leaves Google and Warns of Danger Ahead – DNyuz,https://dnyuz.com/2023/05/01/the-godfather-of-a-i-leaves-google-and-warns-of-danger-ahead/,dnyuz.com,English,0.0,gdelt_gkg
MSFT,2023-05-01,PM Modi thanks Bill Gates for his  words of appreciation  for  Mann Ki Baat  ,https://www.heraldglobe.com/news/273804283/pm-modi-thanks-bill-gates-for-his-words-of-appreciation-for-mann-ki-baat,heraldglobe.com,English,0.0,gdelt_gkg
MSFT,2023-05-01,Stock Market | FinancialContent Business Page,https://markets.financialcontent.com/stocks/article/gnwcq-2023-5-1-emotiv-enlists-two-machine-learning-heavyweights-as-ai-takes-aim-at-the-human-brain,markets.financialcontent.com,English,0.0,gdelt_gkg
MSFT,2023-05-01,Epstein papers expose his elite contacts – media,https://www.infowars.com/posts/epstein-papers-expose-his-elite-contacts-media/,infowars.com,English,0.0,gdelt_gkg
MSFT,2023-05-01,Is Alphabet Stock a Buy ? | The Motley Fool,https://www.fool.com/investing/2023/05/01/is-alphabet-stock-a-buy/?source=iedfolrf0000001,fool.com,English,0.0,gdelt_gkg
MSFT,2023-05-01,Why Cryptocurrency Is Being Adopted Around The World ? ,http://www.latinamericanpost.com/44254-why-cryptocurrency-is-being-adopted-around-the-world,latinamericanpost.com,English,0.0,gdelt_gkg
MSFT,2023-05-01,Activision Blizzard : united kingdom blockt die Übernahme - Diese Entscheidungen stehen als nächstes an,https://www.play3.de/2023/05/01/activision-blizzard-uk-blockt-die-uebernahme-diese-entscheidungen-stehen-als-naechstes-an/,play3.de,German,0.0,gdelt_gkg
MSFT,2023-05-01,"Stocks Edge Higher , Fed Decision In Focus , First Republic Fail , G - 7 Eyes AI , Arm IPO - Five Things To Know",https://www.rockdalenewtoncitizen.com/arena/thestreet/stocks-edge-higher-fed-decision-in-focus-first-republic-fail-g-7-eyes-ai-arm/article_cd0ec310-ed69-5f91-ae1c-49fd9d1448c9.html,rockdalenewtoncitizen.com,English,0.0,gdelt_gkg
MSFT,2023-05-01,"Africa : UN Weekly Roundup - April 22 - 28 , 2023",https://allafrica.com/stories/202305010268.html,allafrica.com,English,0.0,gdelt_gkg
MSFT,2023-05-01,"Alphabet , Google CEO Sundar Pichai made $226 million in 2022",https://www.androidheadlines.com/2023/04/alphabet-google-ceo-sundar-pichai-made-226-million-in-2022.html,androidheadlines.com,English,0.0,gdelt_gkg
MSFT,2023-05-01,The Brains Behind AI : Why Microsoft and Alphabet Stocks Are Smart Choices for Artificial Intelligence Investors,https://www.fool.com/investing/2023/05/01/the-brains-behind-ai-why-microsoft-and-alphabet/?source=iedfolrf0000001,fool.com,English,0.0,gdelt_gkg
MSFT,2023-05-01,PM Modi Thanks  Friend  Bill Gates For Appreciation Post On  Mann Ki Baat  ,https://www.ndtv.com/world-news/pm-modi-thanks-friend-bill-gates-for-appreciation-post-on-mann-ki-baat-3994470,ndtv.com,English,0.0,gdelt_gkg
MSFT,2023-05-01,How To Become A Business Analyst : 5 Basic Steps,https://www.worldpressonline.com/how-to-become-a-business-analyst/,worldpressonline.com,English,0.0,gdelt_gkg
MSFT,2023-05-01,"Futures muted as Fed caution sets in , JPMorgan to buy First Republic - Stock market news",https://www.marketscreener.com/news/latest/Futures-muted-as-Fed-caution-sets-in-JPMorgan-to-buy-First-Republic--43701629/,marketscreener.com,English,0.0,gdelt_gkg
MSFT,2023-05-01,"Here A Fun Way To Jailbreak ChatGPT , But Proceed With Caution - Microsoft ( NASDAQ : MSFT ) ",https://www.benzinga.com/news/23/05/32117357/chatgpt-jailbreaks-your-ticket-to-fun-and-chaos-but-dont-say-we-didnt-warn-you,benzinga.com,English,0.0,gdelt_gkg
MSFT,2023-05-01,هيرميس تطلق منصة جديدة كليًا للتداول المباشر في السوق ( DMA ) من خلال « مايكروسوفت أزور » ,https://www.albawabhnews.com/4795093,albawabhnews.com,Arabic,0.0,gdelt_gkg
MSFT,2023-05-01,"IAMAI Promoting Anti - Indian , Pro - Big Tech Views : MayMy India CEO",https://glamsham.com/world/technology/iamai-promoting-anti-indian-pro-big-tech-views-maymy-india-ceo,glamsham.com,English,0.0,gdelt_gkg
MSFT,2023-05-01,EFG Hermes E : Launches its All - New Direct Market Access ( DMA ) Platform on Microsoft Azure to Ensure Swift Trade Executions,https://www.marketscreener.com/quote/stock/EFG-HERMES-HOLDING-S-A-E-6493048/news/EFG-Hermes-E-Launches-its-All-New-Direct-Market-Access-DMA-Platform-on-Microsoft-s-Azure-to-Ensu-43701683/,marketscreener.com,English,0.0,gdelt_gkg
MSFT,2023-05-01,"Microsoft Activision deal could lessen competition , united kingdom watchdog finds",https://www.inferse.com/495990/microsoft-activision-deal-could-lessen-competition-uk-watchdog-finds-bbc/,inferse.com,English,0.0,gdelt_gkg
MSFT,2023-05-01,"Canada elections authorities move slowly , carefully to digitize voting - National",https://globalnews.ca/news/9658520/canada-elections-digitize-voting/,globalnews.ca,English,0.0,gdelt_gkg
MSFT,2023-05-01,+ Financial Secrets That Most Seniors Never Hear About,https://my-senior-perks.com/american-senior-discounts?p=46&h=1859437149593207166&publisher=NEWS_US&adgroup=9780249002&creative=,my-senior-perks.com,English,0.0,gdelt_gkg
MSFT,2023-05-01,"BIO - key Partners with Angola - based Pixel Infinito , Expanding the Reach of its Identity and Access Management Solutions in Africa",https://finance.yahoo.com/news/bio-key-partners-angola-based-120200827.html,finance.yahoo.com,English,0.0,gdelt_gkg
MSFT,2023-05-01,Press Release : Third and fourth mPOWER satellites launch successfully,https://runwaygirlnetwork.com/2023/04/ses-o3b-mpower-satellites-launched/,runwaygirlnetwork.com,English,0.0,gdelt_gkg
MSFT,2023-05-01,Will 2023 See More Innovation in the Web Browser Space ? ,https://www.varsity.co.uk/sponsored/will-2023-see-more-innovation-in-the-web-browser-space,varsity.co.uk,English,0.0,gdelt_gkg
MSFT,2023-05-01,+ Financial Secrets That Most Seniors Never Hear About,https://my-senior-perks.com/american-senior-discounts?p=46&h=1859491441562672494&publisher=NEWS_US&adgroup=9780249002&creative=,my-senior-perks.com,English,0.0,gdelt_gkg
MSFT,2023-05-01,Dell Latitude 5430 14 Inch Laptop,https://www.dell.com/en-us/shop/cty/pdp/spd/latitude-5430-laptop/s112l5430usvp?gacd=9684992-29188770-7618437-356504015-184911274&dgc=ba&dclid=CO3y_OWx1P4CFdr_GAIdOOILvQ,dell.com,English,0.0,gdelt_gkg
MSFT,2023-05-01,Logically Announces New SaaS Security Solution,https://www.tmcnet.com/usubmit/2023/05/01/9804916.htm,tmcnet.com,English,0.0,gdelt_gkg
MSFT,2023-05-01,Flashback : Stephen Hawking warned AI could mean the  end of the human race  in years leading up to his death,https://wfin.com/fox-technology-news/flashback-stephen-hawking-warned-ai-could-mean-the-end-of-the-human-race-in-years-leading-up-to-his-death/,wfin.com,English,0.0,gdelt_gkg
MSFT,2023-05-01,Curious about virtual reality ? Get hands - on and learn how the technology is being used today at UAB,https://www.uab.edu/reporter/know-more/teaching-learning/item/9986-curious-about-virtual-reality-get-hands-on-and-learn-how-the-technology-is-being-used-today-at-uab,uab.edu,English,0.0,gdelt_gkg
MSFT,2023-05-01,First Citizens Bank of Iowa and Minnesota expands functionality with Finastra to enhance its operations,https://www.streetinsider.com/PRNewswire/First+Citizens+Bank+of+Iowa+and+Minnesota+expands+functionality+with+Finastra+to+enhance+its+operations/21585606.html,streetinsider.com,English,0.0,gdelt_gkg
MSFT,2023-05-01,"A PlayStation - konzolok eladásaival a Sony olyan eredményt ért el , amit a riválisainak még nem sikerült",https://hu.ign.com/playstation-1/86008/news/a-playstation-konzolok-eladasaival-a-sony-olyan-eredmenyt-ert-el-amit-a-rivalisainak-meg-nem-sikerul,hu.ign.com,Hungarian,0.0,gdelt_gkg
MSFT,2023-05-01,Microsoft Edge ( a Windows Internet Explorer utódja ) - PROHARDVER ! Hozzászólások,https://prohardver.hu/tema/microsoft_edge_a_windows_internet_explorer_utodja/hsz_1-50.html,prohardver.hu,Hungarian,0.0,gdelt_gkg
MSFT,2023-05-01,"S & P 500 , Dow steady on boost from JPMorgan ; Fed meet in focus - Stock market news",https://www.marketscreener.com/news/latest/S-P-500-Dow-steady-on-boost-from-JPMorgan-Fed-meet-in-focus--43702787/,marketscreener.com,English,0.0,gdelt_gkg
MSFT,2023-05-01,"Pixel 6a for $314 , AirPods for $99 , 5 % Off Xbox Series S , Surface Pro 9 $100 Off",https://wccftech.com/pixel-6a-for-314-airpods-for-99-5-off-xbox-series-s-surface-pro-9-100-off/,wccftech.com,English,0.0,gdelt_gkg
MSFT,2023-05-01,Every Galaxy user now has Bing AI on their phones and tablets,https://www.sammobile.com/news/every-galaxy-user-bing-ai-phones-tablets/,sammobile.com,English,0.0,gdelt_gkg
MSFT,2023-05-01,New Program From Gardenuity and Travel Nurse Across America ( TNAA ) Delivers the Wellness Power of Gardening to Travel Nurses and Allied Professionals Nationwide,https://www.galvnews.com/news_ap/business/new-program-from-gardenuity-and-travel-nurse-across-america-tnaa-delivers-the-wellness-power-of/article_41c66563-06d5-5b5e-9b07-7005ae3b18d6.html,galvnews.com,English,0.0,gdelt_gkg
MSFT,2023-05-01,Using DPM and Automation to Improve Detection and Response,https://www.govinfosecurity.com/using-dpm-mitre-attck-to-improve-soc-effectiveness-a-21867,govinfosecurity.com,English,0.0,gdelt_gkg
MSFT,2023-05-01,Dell Latitude 5430 14 Inch Laptop,https://www.dell.com/en-us/shop/cty/pdp/spd/latitude-5430-laptop/s112l5430usvp?gacd=9684992-29188770-7618437-356504015-184911274&dgc=ba&dclid=CKLG1aSu1P4CFQYPAQod3b8CNQ,dell.com,English,0.0,gdelt_gkg
MSFT,2023-05-01,Buy Lifetime MS Office 2021 License From $13 . 05 And Genuine Windows OS As Low As $6 . 12 From Godeal24 ! ,https://wccftech.com/buy-lifetime-ms-office-2021-license-from-13-05-and-genuine-windows-os-as-low-as-6-12-from-godeal24/,wccftech.com,English,0.0,gdelt_gkg
MSFT,2023-05-01,Data Processing Units : What Are DPUs and Why Do You Want Them ? ,https://www.datacenterknowledge.com:443/data-center-faqs/data-processing-units-what-are-dpus-and-why-do-you-want-them,datacenterknowledge.com,English,0.0,gdelt_gkg
MSFT,2023-05-01,Where laid - off tech workers are going,https://www.princegeorgecitizen.com/living/where-laid-off-tech-workers-are-going-6930337,princegeorgecitizen.com,English,0.0,gdelt_gkg
MSFT,2023-05-01,"Geoffrey Hinton leaves Google , warns companies are racing toward danger with aggressive AI campaigns",https://www.theglobeandmail.com/business/technology/article-geoffrey-hinton-leaves-google-warns-companies-are-racing-toward-danger/,theglobeandmail.com,English,0.0,gdelt_gkg
MSFT,2023-05-01,"Microsoft dropper hardware - satsning efter 40 år : Nu er det sidste chance , hvis du vil have fingre i to ikoniske produkter",https://www.computerworld.dk/art/282766/microsoft-dropper-hardware-satsning-efter-40-aar-nu-er-det-sidste-chance-hvis-du-vil-have-fingre-i-to-ikoniske-produkter,computerworld.dk,Danish,0.0,gdelt_gkg
MSFT,2023-05-01,Logically Announces New SaaS Security Solution,https://www.prnewswire.com/news-releases/logically-announces-new-saas-security-solution-301811984.html,prnewswire.com,English,0.0,gdelt_gkg
MSFT,2023-05-01,The Fed And Apple Highlight A Busy Week Ahead,https://www.forbes.com/sites/jjkinahan/2023/05/01/the-fed-and-apple-highlight-a-busy-week-ahead/,forbes.com,English,0.0,gdelt_gkg
MSFT,2023-05-01,"The Top 10 Buzziest Companies Gen Z Wants to Work for None of Them Are in Big Tech , Says New Report",https://www.nbcconnecticut.com/news/business/money-report/the-top-10-buzziest-companies-gen-z-wants-to-work-for-none-of-them-are-in-big-tech-says-new-report/3023570/,nbcconnecticut.com,English,0.0,gdelt_gkg
MSFT,2023-05-01,Epstein papers expose his elite contacts media,https://www.orlandoecho.com/news/273804377/epstein-papers-expose-his-elite-contacts-media,orlandoecho.com,English,0.0,gdelt_gkg
MSFT,2023-05-01,Dell Latitude 5430 14 Inch Laptop,https://www.dell.com/en-us/shop/cty/pdp/spd/latitude-5430-laptop/s112l5430usvp?gacd=9684992-29188770-7618437-356504015-184911274&dgc=ba&dclid=CITT5qak1P4CFR5DCQkd7GQF2g&nclid=THTx2tNY2qcUtiNOpTiFdHJ8BrJorpXWr9R__wVBFgwrz2Ze-y9mplB3jmPldzIn,dell.com,English,0.0,gdelt_gkg
MSFT,2023-05-01,Top 10 buzziest companies Gen Z wants to work for none are Big Tech,https://www.cnbc.com/2023/05/01/top-10-buzziest-companies-gen-z-wants-to-work-fornone-are-big-tech.html,cnbc.com,English,0.0,gdelt_gkg
MSFT,2023-05-01,+ Financial Secrets That Most Seniors Never Hear About,https://my-senior-perks.com/american-senior-discounts?p=46&h=1859455350776747990&publisher=NEWS_US&adgroup=9780839028&creative=,my-senior-perks.com,English,0.0,gdelt_gkg
MSFT,2023-05-01,Stock Market | FinancialContent Business Page,https://markets.financialcontent.com/stocks/article/bizwire-2023-5-1-monada-joins-the-10kmedia-roster-of-premier-startups,markets.financialcontent.com,English,0.0,gdelt_gkg
MSFT,2023-05-01,"  The Godfather of AI  Leaves Google and Warns of Danger Ahead , ET Telecom",https://telecom.economictimes.indiatimes.com/news/internet/the-godfather-of-ai-leaves-google-and-warns-of-danger-ahead/99911853,telecom.economictimes.indiatimes.com,English,0.0,gdelt_gkg
MSFT,2023-05-01,تحقق خدمات جوجل السحابية أرباحاً للمرة الأولى منذ إطلاقها,https://www.arabnet5.com/news/%CA%CD%DE%DE-%CE%CF%E3%C7%CA-%CC%E6%CC%E1-%C7%E1%D3%CD%C7%C8%ED%C9-%C3%D1%C8%C7%CD%C7%F0-%E1%E1%E3%D1%C9-%C7%E1%C3%E6%E1%EC-%E3%E4%D0-%C5%D8%E1%C7%DE%E5%C7-497412,arabnet5.com,Arabic,0.0,gdelt_gkg
MSFT,2023-05-01,  Everybody So Creative ! and the Rise of the Recipe Reactions,https://www.wired.com/story/tiktok-recipe-reactions/,wired.com,English,0.0,gdelt_gkg
MSFT,2023-05-01,"Surveillance numbers drop , but critics arent satisfied",https://www.washingtonpost.com/politics/2023/05/01/surveillance-numbers-drop-critics-arent-satisfied/,washingtonpost.com,English,0.0,gdelt_gkg
MSFT,2023-05-01,"TikTok Parent ByteDance  Sensitive Word Tool Monitors Discussion Of China , Trump , Uyghurs",https://www.forbes.com/sites/alexandralevine/2023/05/01/tiktok-bytedance-suppression-tool-trump-china-uyghurs/,forbes.com,English,0.0,gdelt_gkg
MSFT,2023-05-01,Compra da Activision no Reino Unido impede Microsoft de tentar novamente por 10 anos,https://www.oribatejo.pt/compra-da-activision-no-reino-unido-impede-microsoft-de-tentar-novamente-por-10-anos/,oribatejo.pt,Portuguese,0.0,gdelt_gkg
MSFT,2023-05-01,How To Disable App Review Prompts On Your iPhone : A Quick Guide,https://www.news18.com/tech/how-to-disable-app-review-prompts-on-your-iphone-a-quick-guide-7690939.html,news18.com,English,0.0,gdelt_gkg
MSFT,2023-05-01,CISA Launches New Ransomware Vulnerability Warning Pilot For Critical Infrastructure Entities,https://www.forbes.com/sites/forbestechcouncil/2023/05/01/cisa-launches-new-ransomware-vulnerability-warning-pilot-for-critical-infrastructure-entities/,forbes.com,English,0.0,gdelt_gkg
MSFT,2023-05-01,Chaebol chiefs have hands full after summit,https://www.koreaherald.com/view.php?ud=20230501000558,koreaherald.com,English,0.0,gdelt_gkg
MSFT,2023-05-01,PS5 owners are not buying enough new games as Sony misses analyst sales targets,http://www.msn.com/en-us/entertainment/gaming/ps5-owners-are-not-buying-enough-new-games-as-sony-misses-analyst-sales-targets/ar-AA1azQpR,msn.com,English,0.0,gdelt_gkg
MSFT,2023-05-01,  BouldSpy  Android Malware Used in Iranian Government Surveillance Operations,https://www.securityweek.com/bouldspy-android-malware-used-in-iranian-government-surveillance-operations/,securityweek.com,English,0.0,gdelt_gkg
MSFT,2023-05-01,"Stocks Edge Higher , Fed Decision In Focus , First Republic Fail , G - 7 Eyes AI , Arm IPO - Five Things To Know",https://www.bendbulletin.com/business/finance/stocks-edge-higher-fed-decision-in-focus-first-republic-fail-g-7-eyes-ai-arm/article_32266d2b-0244-5c4d-8a19-ee2198d2cbee.html,bendbulletin.com,English,0.0,gdelt_gkg
MSFT,2023-05-01,"Artificial Intelligence , Part 1 : It already everywhere , isnt it ? ",https://cbs4local.com/news/nation-world/artificial-intelligence-part-one-its-already-everywhere-isnt-it-ai-chatgpt-gpt-uber-eats-elon-musk-micorsoft-machines-take-over-sentient,cbs4local.com,English,0.0,gdelt_gkg
MSFT,2023-05-01,鬼迷心窍的扎克伯格 正陷入一场信任危机,https://tech.ifeng.com/c/8PQxYAzhSaZ,tech.ifeng.com,Chinese,0.0,gdelt_gkg
MSFT,2023-05-01,North American Morning Briefing : Stock Futures - 2 - - Stock market news,https://www.marketscreener.com/news/latest/North-American-Morning-Briefing-Stock-Futures-2--43700204/,marketscreener.com,English,0.0,gdelt_gkg
MSFT,2023-05-01,Ayushmann Khurrana & Turkish Actor Burak Deniz To Be Present At The Inaugural Of 23rd FICCI Frames In Mumbai,https://www.koimoi.com/bollywood-news/ayushmann-khurrana-turkish-actor-burak-deniz-to-be-present-at-the-inaugural-of-23rd-ficci-frames-in-mumbai/,koimoi.com,English,0.0,gdelt_gkg
MSFT,2023-05-01,Stock Market | FinancialContent Business Page,https://markets.financialcontent.com/stocks/article/bizwire-2023-5-1-latin-america-data-center-construction-market-outlook-report-2023-2028-5g-deployments-fuelling-edge-data-center-deployments-researchandmarketscom,markets.financialcontent.com,English,0.0,gdelt_gkg
MSFT,2023-05-01,谷歌AI败局揭秘 ： CEO权力有限 ， 创始人垂帘听政,https://www.huxiu.com/article/1386640.html,huxiu.com,Chinese,0.0,gdelt_gkg
MSFT,2023-05-01,Funky Taurus Media - Music Photo Agency & Products,https://www.funkytaurusmedia.com/shop_content.php?coID=3&XTCsid=d3vtthtnb6r09g09hjn051onl0,funkytaurusmedia.com,English,0.0,gdelt_gkg
MSFT,2023-05-01,+ Financial Secrets That Most Seniors Never Hear About,https://my-senior-perks.com/american-senior-discounts?p=46&h=1859302207291396177&publisher=NEWS_US&adgroup=9780798003&creative=,my-senior-perks.com,English,0.0,gdelt_gkg
MSFT,2023-05-01,"A CEO is spending more than $2 , 000 a month on ChatGPT Plus accounts for all of his employees , and he says it saving  hour of time",https://news.yahoo.com/ceo-spending-more-2-000-090000888.html,news.yahoo.com,English,0.0,gdelt_gkg
MSFT,2023-05-01,"Amazon , other Pentagon cloud service providers face zero - trust test",https://www.c4isrnet.com/cyber/2023/01/20/amazon-other-pentagon-cloud-service-providers-face-zero-trust-test/,c4isrnet.com,English,0.0,gdelt_gkg
MSFT,2023-05-01,微软确认 Win11 的  Windows 配置更新 - 手机行情 _ 华商网数码,http://digi.hsw.cn/system/2023/0501/165598.shtml,digi.hsw.cn,Chinese,0.0,gdelt_gkg
MSFT,2023-05-01,PM Modi thanks Bill Gates for his  words of appreciation  for  Mann Ki Baat  ,https://www.londonmercury.com/news/273804283/pm-modi-thanks-bill-gates-for-his-words-of-appreciation-for-mann-ki-baat,londonmercury.com,English,0.0,gdelt_gkg
MSFT,2023-05-01,"ChatGPT has excellent  Emotional Intelligence , often prefers emotions over facts finds researcher",https://www.firstpost.com/world/chatgpt-has-excellent-emotional-intelligence-often-prefers-emotions-over-facts-12531972.html,firstpost.com,English,0.0,gdelt_gkg
MSFT,2023-05-01,Chinese hackers outnumber our cyber staff 50 to 1 : FBI director,https://www.siasat.com/chinese-hackers-outnumber-our-cyber-staff-50-to-1-fbi-director-2579823/,siasat.com,English,0.0,gdelt_gkg
MSFT,2023-05-01,PM Modi thanks Bill Gates for his  words of appreciation  for  Mann Ki Baat  ,https://www.stlouisstar.com/news/273804283/pm-modi-thanks-bill-gates-for-his-words-of-appreciation-for-mann-ki-baat,stlouisstar.com,English,0.0,gdelt_gkg
MSFT,2023-05-01,PM Modi thanks Bill Gates for his  words of appreciation  for  Mann Ki Baat  ,https://news.webindia123.com/news/Articles/World/20230501/4068172.html,news.webindia123.com,English,0.0,gdelt_gkg
MSFT,2023-05-01,PM Modi thanks Bill Gates for his  words of appreciation  for  Mann Ki Baat  ,https://www.cambodiantimes.com/news/273804283/pm-modi-thanks-bill-gates-for-his-words-of-appreciation-for-mann-ki-baat,cambodiantimes.com,English,0.0,gdelt_gkg
MSFT,2023-05-01,PM Modi thanks Bill Gates for his  words of appreciation  for  Mann Ki Baat  ,https://www.hongkongherald.com/news/273804283/pm-modi-thanks-bill-gates-for-his-words-of-appreciation-for-mann-ki-baat,hongkongherald.com,English,0.0,gdelt_gkg
MSFT,2023-05-01,彻底火了 人工智能指数暴涨60 %！ 中科曙光董事长李国杰最新研判 _ 财经评论 ( cjpl ) 股吧 _ 东方财富网股吧,"http://guba.eastmoney.com/news,cjpl,1304784501.html",guba.eastmoney.com,Chinese,0.0,gdelt_gkg
MSFT,2023-05-01,Vibe Check : Big Tech Is Losing Its  Luster  For The Class Of 2023 Amid Mounting Layoffs And An Uncertain Economy,https://www.forbes.com/sites/emmylucas/2023/04/30/vibe-check-big-tech-is-losing-its-luster-for-the-class-of-2023-amid-mounting-layoffs-and-an-uncertain-economy/,forbes.com,English,0.0,gdelt_gkg
MSFT,2023-05-01,"Artificial Intelligence , Part 1 : It already everywhere , isnt it ? ",https://krcrtv.com/news/nation-world/artificial-intelligence-part-one-its-already-everywhere-isnt-it-ai-chatgpt-gpt-uber-eats-elon-musk-micorsoft-machines-take-over-sentient,krcrtv.com,English,0.0,gdelt_gkg
MSFT,2023-05-01,Futures muted ahead of Fed meet this week ; First Republic Bank shares tank - Stock market news,https://www.marketscreener.com/news/latest/Futures-muted-ahead-of-Fed-meet-this-week-First-Republic-Bank-shares-tank--43700791/,marketscreener.com,English,0.0,gdelt_gkg
MSFT,2023-05-01,Jahmyr Gibbs & Jack Campbell help recap Lion 2023 NFL Draft | Twentyman in the Huddle Ep . 46,https://www.detroitlions.com/news/jahmyr-gibbs-jack-campbell-recap-lions-draft-twentyman-in-the-huddle,detroitlions.com,English,0.0,gdelt_gkg
MSFT,2023-05-01,"Stocks Edge Higher , Fed Decision In Focus , First Republic Fail , G - 7 Eyes AI , Arm IPO - Five Things To Know",https://www.wenatcheeworld.com/arena/finance/stocks-edge-higher-fed-decision-in-focus-first-republic-fail-g-7-eyes-ai-arm/article_b140edd9-72cb-5e87-8a80-310ff8b55a83.html,wenatcheeworld.com,English,0.0,gdelt_gkg
MSFT,2023-05-01,Epstein papers expose his elite contacts media,https://www.greekherald.com/news/273804377/epstein-papers-expose-his-elite-contacts-media,greekherald.com,English,0.0,gdelt_gkg
MSFT,2023-05-01,NIIT launches Career Catalyst Programs to equip youth for success in competitive job market,https://www.nepalnational.com/news/273804076/niit-launches-career-catalyst-programs-to-equip-youth-for-success-in-competitive-job-market,nepalnational.com,English,0.0,gdelt_gkg
MSFT,2023-05-01,Epstein papers expose his elite contacts media,https://www.britainnews.net/news/273804377/epstein-papers-expose-his-elite-contacts-media,britainnews.net,English,0.0,gdelt_gkg
MSFT,2023-05-01,OPINION : The pressure to graduate in four years is real and unreasonable,https://www.wildcat.arizona.edu/article/2023/05/o-pressure-to-graduate-four-years,wildcat.arizona.edu,English,0.0,gdelt_gkg
MSFT,2023-05-01,Dell Latitude 5430 14 Inch Laptop,https://www.dell.com/en-us/shop/cty/pdp/spd/latitude-5430-laptop/s112l5430usvp?gacd=9684992-29188770-7618437-356504015-184911274&dgc=ba&dclid=COvdiKeJ1P4CFQOyAQodKHMBNQ&nclid=-s14h-hHg1RjeLrssdL_18D5U7kpozqeC0Wxohwx-T8usM2BW6hB9wq7SvNbtzH2,dell.com,English,0.0,gdelt_gkg
MSFT,2023-05-01,Senior Full Stack Developer - Gauteng Edendale,https://it-online.co.za/2023/04/30/senior-full-stack-developer-gauteng-edendale/,it-online.co.za,English,0.0,gdelt_gkg
MSFT,2023-05-01,Adweek 2023 Brand Genius Honorees Are Here ! ,https://www.adweek.com/brand-marketing/here-are-the-2023-adweek-brand-genius-honorees/,adweek.com,English,0.0,gdelt_gkg
MSFT,2023-05-01,Dont Wait : Take These Steps To Avoid Burnout Now,https://www.forbes.com/sites/forbescoachescouncil/2023/05/01/dont-wait-take-these-steps-to-avoid-burnout-now/,forbes.com,English,0.0,gdelt_gkg
MSFT,2023-05-01,"Artificial Intelligence , Part 1 : It already everywhere , isnt it ? ",https://fox23maine.com/news/nation-world/artificial-intelligence-part-one-its-already-everywhere-isnt-it-ai-chatgpt-gpt-uber-eats-elon-musk-micorsoft-machines-take-over-sentient,fox23maine.com,English,0.0,gdelt_gkg
MSFT,2023-05-01,Feedback fra brugere er livsvigtigt for Microsofts Bing - satsning : Det skal data bruges til,https://www.computerworld.dk/art/282684/feedback-fra-brugere-er-livsvigtigt-for-microsofts-bing-satsning-det-skal-data-bruges-til,computerworld.dk,Danish,0.0,gdelt_gkg
MSFT,2023-05-01,EMBRAER S A : MINUTES OF THE ANNUAL GENERAL SHAREHOLDER MEETINGS - Form 6 - K,https://www.marketscreener.com/quote/stock/EMBRAER-S-A-6492875/news/EMBRAER-S-A-MINUTES-OF-THE-ANNUAL-GENERAL-SHAREHOLDERS-MEETINGS-Form-6-K-43701210/,marketscreener.com,English,0.0,gdelt_gkg
MSFT,2023-05-01,Credit Suisse collapse caused $68 billion loss in first quarter 2023,https://www.greekherald.com/news/273804350/credit-suisse-collapse-caused-68-billion-loss-in-first-quarter-2023,greekherald.com,English,0.0,gdelt_gkg
MSFT,2023-05-01,Are you still using the Start Menu to launch apps in Windows ? ,https://betanews.com/2023/05/01/still-using-the-windows-start-menu/,betanews.com,English,0.0,gdelt_gkg
MSFT,2023-05-01,PM Modi thanks Bill Gates for his  words of appreciation  for  Mann Ki Baat  ,https://www.greekherald.com/news/273804283/pm-modi-thanks-bill-gates-for-his-words-of-appreciation-for-mann-ki-baat,greekherald.com,English,0.0,gdelt_gkg
MSFT,2023-05-01,Braga lança projeto inovador : ″ A importância de chegar primeiro é fundamental ″ ,https://www.ojogo.pt/futebol/1a-liga/braga/noticias/braga-lanca-projeto-inovador-a-importancia-de-chegar-primeiro-e-fundamental-16014880.html,ojogo.pt,Portuguese,0.0,gdelt_gkg
MSFT,2023-05-01,Epstein papers expose his elite contacts media,https://www.theusnews.com/news/273804377/epstein-papers-expose-his-elite-contacts-media,theusnews.com,English,0.0,gdelt_gkg
MSFT,2023-05-01,PM Modi thanks Bill Gates for his  words of appreciation  for  Mann Ki Baat  ,https://www.theusnews.com/news/273804283/pm-modi-thanks-bill-gates-for-his-words-of-appreciation-for-mann-ki-baat,theusnews.com,English,0.0,gdelt_gkg
MSFT,2023-05-01,  هيرميس  تطلق منصة جديدة للتداول المباشر في السوق ( DMA ) من خلال  مايكروسوفت أزور  ,https://www.dostor.org/4382241,dostor.org,Arabic,0.0,gdelt_gkg
MSFT,2023-05-01,هيرميس تطلق منصة جديدة للتداول المباشر لضمان تداول أفضل وأسرع,https://gate.ahram.org.eg/News/4268708.aspx,gate.ahram.org.eg,Arabic,0.0,gdelt_gkg
MSFT,2023-05-01,Dead Island 2 : How To Complete  Cold Pork  ( Side Quest ) ,https://screenrant.com/how-to-complete-cold-pork-quest-dead-island-2/,screenrant.com,English,0.0,gdelt_gkg
MSFT,2023-05-01,"Stocks Edge Higher , Fed Decision In Focus , First Republic Fail , G - 7 Eyes AI , Arm IPO - Five Things To Know",https://www.wallowa.com/business/finance/stocks-edge-higher-fed-decision-in-focus-first-republic-fail-g-7-eyes-ai-arm/article_e7457586-6b29-59a1-8119-8b3cb7477e06.html,wallowa.com,English,0.0,gdelt_gkg
MSFT,2023-05-01,"Stocks Edge Higher , Fed Decision In Focus , First Republic Fail , G - 7 Eyes AI , Arm IPO - Five Things To Know",https://www.news-daily.com/arena/thestreet/stocks-edge-higher-fed-decision-in-focus-first-republic-fail-g-7-eyes-ai-arm/article_4f5b8c46-dbd4-5080-a9d9-c4b22b0d66a0.html,news-daily.com,English,0.0,gdelt_gkg
MSFT,2023-05-01,Dell Latitude 5430 14 Inch Laptop,https://www.dell.com/en-us/shop/cty/pdp/spd/latitude-5430-laptop/s112l5430usvp?gacd=9684992-29188770-7618437-356504015-184911274&dgc=ba&dclid=CLqp1teC1P4CFY5ACQkdy90MeA&nclid=T2-v_kXJtd4mJKUFnIjODDDr47EsDooL-hn266pe-_-jGVa7VXOotHMMSPZ1iZlu,dell.com,English,0.0,gdelt_gkg
MSFT,2023-05-01,微軟AI視覺設計工具Designer開放公測 、 整合到Edge,https://www.ithome.com.tw:443/news/156638,ithome.com.tw,Chinese,0.0,gdelt_gkg
MSFT,2023-05-01,المجموعة المالية هيرميس تطلق منصة جديدة كليا للتداول المباشر في السوق ( DMA ) من خلال « مايكروسوفت أزور » لضمان تجربة تداول أفضل وأسرع,https://www.aiwaegypt.com/economic/97940/%D8%A7%D9%84%D9%85%D8%AC%D9%85%D9%88%D8%B9%D8%A9-%D8%A7%D9%84%D9%85%D8%A7%D9%84%D9%8A%D8%A9-%D9%87%D9%8A%D8%B1%D9%85%D9%8A%D8%B3-%D8%AA%D8%B7%D9%84%D9%82-%D9%85%D9%86%D8%B5%D8%A9-%D8%AC%D8%AF%D9%8A/,aiwaegypt.com,Arabic,0.0,gdelt_gkg
MSFT,2023-05-01,Database Developer ( National Position ) ,https://reliefweb.int/job/3957271/database-developer-national-position,reliefweb.int,English,0.0,gdelt_gkg
MSFT,2023-05-01,"Firmy , które postawiły na nowe technologie , wygrywają z konkurencją","https://www.wnp.pl/tech/firmy-ktore-postawily-na-nowe-technologie-wygrywaja-z-konkurencja,704559.html",wnp.pl,Polish,0.0,gdelt_gkg
MSFT,2023-05-01,+ Financial Secrets That Most Seniors Never Hear About,https://my-senior-perks.com/american-senior-discounts?p=46&h=1859383133761750615&publisher=NEWS_US&adgroup=9780249002&creative=,my-senior-perks.com,English,0.0,gdelt_gkg
MSFT,2023-05-01,Windows 12,https://betanews.com/topic/windows-12/,betanews.com,English,0.0,gdelt_gkg
MSFT,2023-05-01,"  Godfather of AI  Says He Done , Is Scared by AI",https://www.newser.com/story/334669/ais-godfather-leaves-google-and-a-warning.html,newser.com,English,0.0,gdelt_gkg
MSFT,2023-05-01,Cloud gaming : Bane in Microsoft acquisition of Activision Blizzard,https://www.dailysabah.com/life/cloud-gaming-bane-in-microsoft-acquisition-of-activision-blizzard/news,dailysabah.com,English,0.0,gdelt_gkg
MSFT,2023-05-01,  The godfather of AI  leaves Google and warns of danger ahead,https://www.businesstelegraph.co.uk/the-godfather-of-ai-leaves-google-and-warns-of-danger-ahead/,businesstelegraph.co.uk,English,0.0,gdelt_gkg
MSFT,2023-05-01,Dell Latitude 5430 14 Inch Laptop,https://www.dell.com/en-us/shop/cty/pdp/spd/latitude-5430-laptop/s112l5430usvp?gacd=9684992-29188770-7618437-356504015-184911274&dgc=ba&dclid=CNmN25L41P4CFUMxPwod4MwARQ,dell.com,English,0.0,gdelt_gkg
MSFT,2023-05-01,"Geoff Hinton quits Google , says he regrets life work",https://fortune.com/2023/05/01/godfather-ai-geoffrey-hinton-quit-google-regrets-lifes-work-bad-actors/,fortune.com,English,0.0,gdelt_gkg
MSFT,2023-05-01,"Jeffrey Epstein scheduled meetings with Noam Chomsky , CIA director and others : report - National",https://globalnews.ca/news/9663991/jeffrey-epstein-calendar-scheduled-meetings-dates-cia-director-noam-chomsky/,globalnews.ca,English,0.0,gdelt_gkg
MSFT,2023-05-01,Neural Network Pioneer Geoffrey Hinton Sounds The Alarm On AI,https://www.slashgear.com/1273138/neural-network-geoffrey-hinton-alarm-ai/,slashgear.com,English,0.0,gdelt_gkg
MSFT,2023-05-01,Wall Street prepares for Apple and Nvidia Q1 earnings,https://fortune.com/2023/05/01/a-feared-tech-earnings-apocalypse-hasnt-happened-but-apple-and-nvidia-could-shake-things-up/,fortune.com,English,0.0,gdelt_gkg
MSFT,2023-05-01,Apple Safari browser passes Microsoft Edge in popularity,https://www.cultofmac.com/814663/apple-safari-browser-passes-microsoft-edge-in-popularity/,cultofmac.com,English,0.0,gdelt_gkg
MSFT,2023-05-01,"Microsoft To Stop Self - Branded PC Peripherals , Set to Focus on Surface Instead",https://www.anandtech.com/show/18841/microsoft-to-discontinue-self-branded-peripherals-focus-on-surface-instead,anandtech.com,English,0.0,gdelt_gkg
MSFT,2023-05-01,Akcie čekají na hlavní událost tohoto týdne - US OPEN,https://www.kurzy.cz/zpravy/713210-akcie-cekaji-na-hlavni-udalost-tohoto-tydne-us-open/,kurzy.cz,Czech,0.0,gdelt_gkg
MSFT,2023-05-01,3 Texas billionaires crack Forbes top 30 list of world richest people,https://www.ksat.com/news/local/2023/05/01/3-texas-billionaires-crack-forbes-top-30-list-of-worlds-richest-people/,ksat.com,English,0.0,gdelt_gkg
MSFT,2023-05-01,نهضة الذكاء الاصطناعي التوليدي تستعيد الثقة بوول ستريت,https://www.aleqt.com/2023/05/01/article_2539416.html,aleqt.com,Arabic,0.0,gdelt_gkg
MSFT,2023-05-01,IT News Online - Altigen Announces Second Quarter Fiscal 2023 Earnings Call Information,http://www.itnewsonline.com/news/Altigen-Announces-Second-Quarter-Fiscal-2023-Earnings-Call-Information/14547,itnewsonline.com,English,0.0,gdelt_gkg
MSFT,2023-05-01,الذكاء الاصطناعي في قبضة عمالقة التكنولوجيا .. مجال المنافسة ضئيل,https://www.aleqt.com/2023/05/01/article_2539411.html,aleqt.com,Arabic,0.0,gdelt_gkg
MSFT,2023-05-01,Large Language Models – Who are the key players ? ,https://www.itbusiness.ca/news/large-language-models-who-are-the-key-players/124911,itbusiness.ca,English,0.0,gdelt_gkg
MSFT,2023-05-01,عمالقة التكنولوجيا في تأهب لمعركة الذكاء الاصطناعي,https://www.aleqt.com/2023/05/01/article_2539421.html,aleqt.com,Arabic,0.0,gdelt_gkg
MSFT,2023-05-01,Market - Leading Customer Experience Company Avaya Enters Next Chapter of Accelerated Growth and Innovation,https://financialpost.com/pmn/press-releases-pmn/business-wire-news-releases-pmn/market-leading-customer-experience-company-avaya-enters-next-chapter-of-accelerated-growth-and-innovation,financialpost.com,English,0.0,gdelt_gkg
MSFT,2023-05-01,Dell Latitude 5430 14 Inch Laptop,https://www.dell.com/en-us/shop/cty/pdp/spd/latitude-5430-laptop/s112l5430usvp?gacd=9684992-29188770-7618437-356504015-184911274&dgc=ba&dclid=CLLL66Px1P4CFefHGAIdOEMDKA,dell.com,English,0.0,gdelt_gkg
MSFT,2023-05-01,"Godfather of AI Quits Google , Fears AI Risks and Regrets His Work",https://futurism.com/the-byte/godfather-ai-quits-google,futurism.com,English,0.0,gdelt_gkg
MSFT,2023-05-01,"Deep learning pioneer Geoffrey Hinton leaves Google , warns of AI risks",https://siliconangle.com/2023/05/01/deep-learning-pioneer-geoffrey-hinton-leaves-google-warns-ai-risks/,siliconangle.com,English,0.0,gdelt_gkg
MSFT,2023-05-01,The Super Mario Bros . Movie was posted on Twitter this weekend and stayed there for hours,https://www.neowin.net/news/the-super-mario-bros-movie-was-posted-on-twitter-this-weekend-and-stayed-there-for-hours/,neowin.net,English,0.0,gdelt_gkg
MSFT,2023-05-01,Аналоги Microsoft Office : какие лучше в мае 2023 года - 1 мая 2023,https://www.fontanka.ru/2023/05/01/72267485/,fontanka.ru,Russian,0.0,gdelt_gkg
MSFT,2023-05-01,라덕연  다우키움 회장이 주가폭락 핵심 … 회장측  폭락직전 대량 매도는 우연일뿐  ｜동아일보,https://www.donga.com/news/Economy/article/all/20230502/119094586/1,donga.com,Korean,0.0,gdelt_gkg
MSFT,2023-05-01,It JPMorgan to the rescue,https://finance.yahoo.com/news/jpmorgan-rescue-190127149.html,finance.yahoo.com,English,0.0,gdelt_gkg
MSFT,2023-05-01,2 : 00PM Water Cooler 5 / 1 / 2023 | naked capitalism,https://www.nakedcapitalism.com/2023/05/200pm-water-cooler-5-1-2023.html,nakedcapitalism.com,English,0.0,gdelt_gkg
MSFT,2023-05-01,Altigen Announces Second Quarter Fiscal 2023 Earnings Call Information,https://www.tennesseedaily.com/news/273804846/altigen-announces-second-quarter-fiscal-2023-earnings-call-information,tennesseedaily.com,English,0.0,gdelt_gkg
MSFT,2023-05-01,Dell Latitude 5430 14 Inch Laptop,https://www.dell.com/en-us/shop/cty/pdp/spd/latitude-5430-laptop/s112l5430usvp?gacd=9684992-29188770-7618437-356504015-184911274&dgc=ba&dclid=CN_xq5_n1P4CFdxACQkdxR0FUg,dell.com,English,0.0,gdelt_gkg
MSFT,2023-05-01,Check out these tasty delicacies on your trip to Kuala Lumpur,https://www.msn.com/en-us/travel/tripideas/check-out-these-tasty-delicacies-on-your-trip-to-kuala-lumpur/ar-AA1aAUcx,msn.com,English,0.0,gdelt_gkg
MSFT,2023-05-01,PJM Members Complete Election for PJM Board of Managers,https://www.prnewswire.com/news-releases/pjm-members-complete-election-for-pjm-board-of-managers-301812334.html,prnewswire.com,English,0.0,gdelt_gkg
MSFT,2023-05-01,  Godfather of AI  quits Google to speak out about tech concerns,https://www.sfgate.com/tech/article/geoffrey-hinton-quits-google-ai-18000708.php,sfgate.com,English,0.0,gdelt_gkg
MSFT,2023-05-01,Private Calendar Of Jeffrey Epstein Shows Multiple Meetings With CIA Director William Burns,https://moguldom.com/443387/private-calendar-of-jeffrey-epstein-shows-multiple-meetings-with-cia-director-william-burns/,moguldom.com,English,0.0,gdelt_gkg
MSFT,2023-05-01,Biden CIA Director Met with Jeffrey Epstein Multiple Times : Report,https://www.aol.com/news/biden-cia-director-met-jeffrey-165326785.html,aol.com,English,0.0,gdelt_gkg
MSFT,2023-05-01,Microsoft CEO Announces Major Company Restructuring,https://www.thepacket.ca/microsofts-ceo-announces-major-company-restructuring/,thepacket.ca,English,0.0,gdelt_gkg
MSFT,2023-05-01,The best 4K monitors in 2023 | Creative Bloq,https://www.creativebloq.com/features/best-monitor,creativebloq.com,English,0.0,gdelt_gkg
MSFT,2023-05-01,SpaceX Launches Second Batch of O3b mPOWER Satellites for SES,https://www.satellitetoday.com/launch/2023/05/01/spacex-launches-second-batch-of-o3b-mpower-satellites-for-ses/,satellitetoday.com,English,0.0,gdelt_gkg
MSFT,2023-05-01,truData Solutions appoints Google sales leader as Chief Revenue Officer to fuel global growth,https://virtual-strategy.com/2023/05/01/trudata-solutions-appoints-google-sales-leader-as-chief-revenue-officer-to-fuel-global-growth/,virtual-strategy.com,English,0.0,gdelt_gkg
MSFT,2023-05-01,Microsoft Confirms End of Windows 10 : Here When,https://www.theepochtimes.com/microsoft-confirms-end-of-windows-10-heres-when_5233897.html,theepochtimes.com,English,0.0,gdelt_gkg
MSFT,2023-05-01,Kenya academic writing industry threatened as students opt for AI,https://www.standardmedia.co.ke/education/article/2001472075/kenyas-academic-writing-industry-threatened-as-students-opt-for-ai,standardmedia.co.ke,English,0.0,gdelt_gkg
MSFT,2023-05-01,"Before the Bell : ASX to slip before RBA rate decision , Wall Street mixed",https://www.afr.com/markets/equity-markets/asx-to-slip-before-rba-rate-decision-wall-street-mixed-20230502-p5d4rp,afr.com,English,0.0,gdelt_gkg
MSFT,2023-05-01,Is  memory safety  the killer use case for SBOMs ? ,https://www.federaltimes.com/thought-leadership/2023/05/01/is-memory-safety-the-killer-use-case-for-software-bills-of-materials/,federaltimes.com,English,0.0,gdelt_gkg
MSFT,2023-05-01,Google Pixel Fold Release Date : Tips & Tricks,https://www.gottabemobile.com/google-pixel-fold-release-date/,gottabemobile.com,English,0.0,gdelt_gkg
MSFT,2023-05-01,"WordPress , other companies drop Twitter over API price hikes",https://www.thestar.com/business/2023/05/01/wordpress-becomes-latest-major-company-to-drop-twitter-over-api-prices.html,thestar.com,English,0.0,gdelt_gkg
MSFT,2023-05-01,May Real Estate Magazine Cover Story : Global MLS + AI,https://www.rismedia.com/2023/05/01/may-cover-story-global-mls-plus-ai/,rismedia.com,English,0.0,gdelt_gkg
MSFT,2023-05-01,Grammarly New AI Tool Is Available in Beta Now,https://www.cnet.com/tech/services-and-software/grammarlys-new-ai-tool-is-available-in-beta-now/,cnet.com,English,0.0,gdelt_gkg
MSFT,2023-05-01,NYS Police Warn Of Computer Scam Targeting Your Bank Account,https://961theeagle.com/ixp/11/p/new-york-state-police-bank-account-scam/,961theeagle.com,English,0.0,gdelt_gkg
MSFT,2023-05-01,Aes de bancos sobem após anúncio do J . P . Morgan ; Dow Jones e S & P têm leve alta em semana de decisão do Fed,https://www.infomoney.com.br/mercados/acoes-de-bancos-nos-eua-sobem-apos-anuncio-do-j-p-morgan-indices-americanos-iniciam-dia-em-estabilidade-de-olho-em-reuniao-do-fed/,infomoney.com.br,Portuguese,0.0,gdelt_gkg
MSFT,2023-05-01,Diablo 4 Next Beta Test Starts on May 12 . Here How to Join,https://www.cnet.com/tech/gaming/diablo-4-next-beta-test-starts-on-may-12-heres-how-to-join/,cnet.com,English,0.0,gdelt_gkg
MSFT,2023-05-01,7 Tips to Create an Efficient Social Media Workflow [ Templates ] ,https://blog.hootsuite.com/social-media-workflow/,blog.hootsuite.com,English,0.0,gdelt_gkg
MSFT,2023-05-01,"With the Rise of ChatGPT , VC Latches on to AI",http://www.institutionalinvestor.com/article/b8yjqzxwx1nk84/With-the-Rise-of-ChatGPT-VC-Latches-on-to-AI,institutionalinvestor.com,English,0.0,gdelt_gkg
MSFT,2023-05-01,Google exec known as the  godfather of AI  quits | Technology,https://www.sfexaminer.com/news/technology/google-exec-known-as-the-godfather-of-ai-quits/article_af681626-e84c-11ed-87a0-23e6290b1b1d.html,sfexaminer.com,English,0.0,gdelt_gkg
MSFT,2023-05-01,Is the tech slump over ? Some good news from Silicon Valley,https://www.sfexaminer.com/news/technology/is-the-tech-slump-over-some-good-news-from-silicon-valley/article_ffde211e-e77e-11ed-b725-1bb31795c1d5.html,sfexaminer.com,English,0.0,gdelt_gkg
MSFT,2023-05-01,"Tech companies ramping up AI efforts while cutting ethics teams  might not be a good look , feds warn",https://www.marketwatch.com/story/tech-companies-ramping-up-ai-efforts-while-cutting-ethics-teams-might-not-be-a-good-look-feds-warn-de74ffce,marketwatch.com,English,0.0,gdelt_gkg
MSFT,2023-05-01,Avrupada nükleer santrallerin kapatılma kararı sorgulanıyor,https://www.haberler.com/ekonomi/avrupa-da-nukleer-santrallerin-kapatilma-karari-13356638-haberi/,haberler.com,Turkish,0.0,gdelt_gkg
MSFT,2023-05-01,Earnings Season : Big Tech Swoops in to Save the Day,https://www.investing.com/analysis/earnings-season-big-tech-swoops-in-to-save-the-day-200637689,investing.com,English,0.0,gdelt_gkg
MSFT,2023-05-01,  Godfather of AI  quits Google and gives terrifying warning about the future of technology,https://www.independent.co.uk/tech/google-ai-hinton-google-quits-b2330443.html,independent.co.uk,English,0.0,gdelt_gkg
MSFT,2023-05-01,  Godfather of AI  quits Google to warn about technology dangers,https://www.canindia.com/godfather-of-ai-quits-google-to-warn-about-technologys-dangers/,canindia.com,English,0.0,gdelt_gkg
MSFT,2023-05-01,Eva Marcille Best Looks Over The Years,https://www.realitytea.com/2023/05/01/eva-marcilles-best-looks-over-the-years/,realitytea.com,English,0.0,gdelt_gkg
MSFT,2023-05-01,The Fear Was Real on Wall Street Last Week . But Have the Clouds Parted ? ,https://realmoney.thestreet.com/investing/stocks/how-much-difference-a-week-makes-on-wall-street-16122618,realmoney.thestreet.com,English,0.0,gdelt_gkg
MSFT,2023-05-01,Como economizar em software e jogos : chaves digitais na GoodOffer24,https://pplware.sapo.pt/zzpublicidade/como-economizar-software-jogos-chaves-digitais-goodoffer24/,pplware.sapo.pt,Portuguese,0.0,gdelt_gkg
MSFT,2023-05-01,Godfather of AI sounds warning as he quits Google,https://www.greekherald.com/news/273805119/godfather-of-ai-sounds-warning-as-he-quits-google,greekherald.com,English,0.0,gdelt_gkg
MSFT,2023-05-01,What Netflix Earnings Beat Tells Us One Thing In Regards To The Membership That Holds Disney • MV TELEGRAPH,https://mvtelegraph.com/what-netflixs-earnings-beat-tells-us-one-thing-in-regards-to-the-membership-that-holds-disney/,mvtelegraph.com,English,0.0,gdelt_gkg
MSFT,2023-05-01,When A . I . Chatbots Hallucinate,https://www.nytimes.com/2023/05/01/business/ai-chatbots-hallucinatation.html,nytimes.com,English,0.0,gdelt_gkg
MSFT,2023-05-01,Is  memory safety  the killer use case for SBOMs ? ,https://www.c4isrnet.com/thought-leadership/2023/05/01/is-memory-safety-the-killer-use-case-for-software-bills-of-materials/,c4isrnet.com,English,0.0,gdelt_gkg
MSFT,2023-05-01,Large Language Models – Who are the key players ? | IT World Canada News,https://www.itworldcanada.com/article/large-language-models-who-are-the-key-players/537890,itworldcanada.com,English,0.0,gdelt_gkg
MSFT,2023-05-01,Rumor : Hellblade 2 Release Date Narrowed Down,https://gamerant.com/hellblade-2-release-date-2023-rumors-leaks/,gamerant.com,English,0.0,gdelt_gkg
MSFT,2023-05-01,"Microsoft : A 22H2 az utolsó Windows 10 verzió , mindenki kezdje meg ( tervezni ) az átállást Windows 11 - re",https://hup.hu/comment/2914195,hup.hu,Hungarian,0.0,gdelt_gkg
MSFT,2023-05-01,"After Pokemon Scarlet and Violet , Zelda : Tears of the Kingdom Being a Slow - Burner Paints a Clear Pattern",https://gamerant.com/pokemon-scarlet-violet-zelda-tears-kingdom-nintendo-trailer-news-drought/,gamerant.com,English,0.0,gdelt_gkg
MSFT,2023-05-01,New Special - Edition Xbox Controller Is Available To Preorder Now,https://www.gamespot.com/articles/new-special-edition-xbox-controller-is-available-to-preorder-now/1100-6513726/,gamespot.com,English,0.0,gdelt_gkg
MSFT,2023-05-01,Bill Gates :  Mann ki Baat  reflects collective spirit of people of India : PM Modi to Bill Gates,https://economictimes.indiatimes.com/news/india/mann-ki-baat-reflects-collective-spirit-of-people-of-india-pm-modi-to-bill-gates/articleshow/99915531.cms,economictimes.indiatimes.com,English,0.0,gdelt_gkg
MSFT,2023-05-01,"ESG , Non - ESG Investing Returns Differ Minimally , Says Research Affiliates",https://www.ai-cio.com/news/esg-non-esg-investing-returns-differ-minimally-says-research-affiliates/,ai-cio.com,English,0.0,gdelt_gkg
MSFT,2023-05-01,+ Financial Secrets That Most Seniors Never Hear About,https://my-senior-perks.com/american-senior-discounts?p=46&h=1859554376851826966&publisher=NEWS_US&adgroup=9780798003&creative=,my-senior-perks.com,English,0.0,gdelt_gkg
MSFT,2023-05-01,"S & P , Dow edge higher as JPMorgan gains ; Fed meet in focus - Stock market news",https://www.marketscreener.com/news/latest/S-P-Dow-edge-higher-as-JPMorgan-gains-Fed-meet-in-focus--43703507/,marketscreener.com,English,0.0,gdelt_gkg
MSFT,2023-05-01,"CIA Director William Burns Met With Jeffrey Epstein , Agency Confirms",https://www.theepochtimes.com/cia-director-william-burns-met-with-jeffrey-epstein-agency-confirms_5232923.html,theepochtimes.com,English,0.0,gdelt_gkg
MSFT,2023-05-01,Misinformation stories at Techdirt . ,https://www.techdirt.com/tag/misinformation/,techdirt.com,English,0.0,gdelt_gkg
MSFT,2023-05-01,Pulling out of united kingdom would significantly harm Activision,https://www.tweaktown.com/news/91274/pulling-out-of-uk-would-significantly-harm-activision/,tweaktown.com,English,0.0,gdelt_gkg
MSFT,2023-05-01,AI lessons from healthcare : Overcoming complexity and embracing the cloud,https://venturebeat.com/ai/ai-lessons-from-healthcare-overcoming-complexity-and-embracing-the-cloud/,venturebeat.com,English,0.0,gdelt_gkg
MSFT,2023-05-01,"ChatGPT returns to Italy after OpenAI tweaks privacy disclosures , controls",https://www.csoonline.com/article/3695188/chatgpt-returns-to-italy-after-openai-tweaks-privacy-disclosures-controls.html,csoonline.com,English,0.0,gdelt_gkg
MSFT,2023-05-01,Bing AI makes its way onto Samsung Galaxy devices via integrated SwiftKey update,https://www.theverge.com/2023/5/1/23706437/microsoft-swiftkey-bing-ai-samsung-galaxy-devices-oneui-android,theverge.com,English,0.0,gdelt_gkg
MSFT,2023-05-01,Best united kingdom job sites of 2023,https://www.techradar.com/best/uk-job-sites,techradar.com,English,0.0,gdelt_gkg
MSFT,2023-05-01,4月全球浏览器大战 ： 谷歌Chrome第一 份额63 . 51 % 遥遥领先 _ 3DM单机,https://www.3dmgame.com/news/202305/3868346.html,3dmgame.com,Chinese,0.0,gdelt_gkg
MSFT,2023-05-01,Cybersecurity Stocks To Buy And Watch | Investor Business Daily,https://www.investors.com:443/news/technology/cybersecurity-stocks/,investors.com,English,0.0,gdelt_gkg
MSFT,2023-05-01,Brainbuster Trivia | WYXL 97 . 3 Lite Rock,https://literock973.com/2023/04/11/brainbuster-trivia/,literock973.com,English,0.0,gdelt_gkg
MSFT,2023-05-01,What the Difference Between a DOS and DDoS Attack ? ,https://www.howtogeek.com/884250/whats-the-difference-between-a-dos-and-ddos-attack/,howtogeek.com,English,0.0,gdelt_gkg
MSFT,2023-05-01,The Sustainability Problem,https://www.td.org/magazines/td-magazine/the-sustainability-problem,td.org,English,0.0,gdelt_gkg
MSFT,2023-05-01,CMA Report Revealed Microsoft Wouldnt Have Call of Duty On Game Pass Until 2025,https://gameranx.com/updates/id/464734/article/cma-report-revealed-microsoft-wouldnt-have-call-of-duty-on-game-pass-until-2025/,gameranx.com,English,0.0,gdelt_gkg
MSFT,2023-05-01,Pexip Partners with Poly to Expand Secure Video Collaboration,https://www.tmcnet.com/usubmit/2023/05/01/9804854.htm,tmcnet.com,English,0.0,gdelt_gkg
MSFT,2023-05-01,Look Beyond Alphabet and Microsoft for AI Growth,https://www.etftrends.com/disruptive-technology-channel/look-beyond-alphabet-and-microsoft-for-ai-growth/,etftrends.com,English,0.0,gdelt_gkg
MSFT,2023-05-01,Godfather of AI quits Google to warn us of the dangers of products like ChatGPT,https://bgr.com/tech/godfather-of-ai-quits-google-to-warn-us-of-the-dangers-of-products-like-chatgpt/,bgr.com,English,0.0,gdelt_gkg
MSFT,2023-05-01,Monada Joins the 10KMedia Roster of Premier Startups,https://www.tmcnet.com/usubmit/-monada-joins-10kmedia-roster-premier-startups-/2023/05/01/9804874.htm,tmcnet.com,English,0.0,gdelt_gkg
MSFT,2023-05-01,Dell Latitude 5430 14 Inch Laptop,https://www.dell.com/en-us/shop/cty/pdp/spd/latitude-5430-laptop/s112l5430usvp?gacd=9684992-29188770-7618437-356504015-184911274&dgc=ba&dclid=CPGXhd271P4CFQs_PwodyB8DPg,dell.com,English,0.0,gdelt_gkg
MSFT,2023-05-01,Epstein papers expose his elite contacts media,https://www.newyorktelegraph.com/news/273804377/epstein-papers-expose-his-elite-contacts-media,newyorktelegraph.com,English,0.0,gdelt_gkg
MSFT,2023-05-01,StreetInsider . com - Investing,"https://www.streetinsider.com/Investing/First+Republic,+ExxonMobil+fall+premarket",streetinsider.com,English,0.0,gdelt_gkg
MSFT,2023-05-01,Ruling Confirms Google Must Face DOJ Digital Advertising Antitrust Lawsuit,https://www.mediapost.com/publications/article/384851/ruling-confirms-google-must-face-dojs-digital-adv.html,mediapost.com,English,0.0,gdelt_gkg
MSFT,2023-05-01,GoDaddy ( GDDY ) Announces Microsoft Teams Up with it to Enable Payments Over Virtual Meetings,https://www.streetinsider.com/Corporate+News/GoDaddy+(GDDY)+Announces+Microsoft+Teams+Up+with+it+to+Enable+Payments+Over+Virtual+Meetings/21587118.html,streetinsider.com,English,0.0,gdelt_gkg
MSFT,2023-05-01,Cilat qytete të Kosovës i sugjeron ChatGPT për ti vizituar - përgjigjet ishin thjesht të mahnitshme,https://telegrafi.com/cilat-qytete-te-kosoves-sugjeron-chatgpt-per-ti-vizituar-pergjigjet-ishin-thjesht-te-mahnitshme/,telegrafi.com,Albanian,0.0,gdelt_gkg
MSFT,2023-05-01,TimeControl 8 . 4 upgrade brings a new wave of features,https://www.prnewswire.com/news-releases/timecontrol-8-4-upgrade-brings-a-new-wave-of-features-301812176.html,prnewswire.com,English,0.0,gdelt_gkg
MSFT,2023-05-01,Microsoft Activision Deal Is No Longer Just About Activision,https://biztoc.com/x/e7da48ec6f75eabb,biztoc.com,English,0.0,gdelt_gkg
MSFT,2023-05-01,Altigen Announces Second Quarter Fiscal 2023 Earnings Call Information,https://www.albuquerqueexpress.com/news/273804846/altigen-announces-second-quarter-fiscal-2023-earnings-call-information,albuquerqueexpress.com,English,0.0,gdelt_gkg
MSFT,2023-05-01,Bill Schmick : Investors await Fed action next week and a possible debt crisis,https://www.berkshireeagle.com/business/bill-schmick-at-the-market-investors-await-fed-action-next-week/article_ed179ee6-e5d7-11ed-bbe4-f716293f381b.html,berkshireeagle.com,English,0.0,gdelt_gkg
MSFT,2023-05-01,Where laid - off tech workers are going,https://www.nsnews.com/living/where-laid-off-tech-workers-are-going-6930337,nsnews.com,English,0.0,gdelt_gkg
MSFT,2023-05-01,"RTRO launches an algorithm - free social app for friends , creators and brands",https://news.yahoo.com/rtro-launches-algorithm-free-social-174831028.html,news.yahoo.com,English,0.0,gdelt_gkg
MSFT,2023-05-01,  The Godfather of AI  leaves Google and warns of danger ahead,https://www.ajc.com/news/the-godfather-of-ai-leaves-google-and-warns-of-danger-ahead/34JH4EXIRJDVFHHYYKHWLYCU2E/,ajc.com,English,0.0,gdelt_gkg
MSFT,2023-05-01,NMDOH to end COVID - 19 exposure alert system,https://www.kob.com/new-mexico/nmdoh-to-end-covid-19-exposure-alert-system/,kob.com,English,0.0,gdelt_gkg
MSFT,2023-05-01,Best Dividend ETFs of 2023,https://www.wsj.com/buyside/personal-finance/best-dividend-etfs-01660674839,wsj.com,English,0.0,gdelt_gkg
MSFT,2023-05-01,"Zeptali jsme se českých univerzit , jak reagují na AI . Použití ChatGPT spíše nepřipouštějí , potenciál ale vidí",https://www.zive.cz/clanky/ai-a-chatgpt-na-ceskych-vysokych-skolach/sc-3-a-221542/default.aspx,zive.cz,Czech,0.0,gdelt_gkg
MSFT,2023-05-01,Your May reading list - INDIA New England News,https://indianewengland.com/your-may-reading-list/,indianewengland.com,English,0.0,gdelt_gkg
MSFT,2023-05-01,Closing up holes : Infoseccers on being less reactive,https://www.theregister.com/2023/05/01/security_posture_management_rsa/,theregister.com,English,0.0,gdelt_gkg
MSFT,2023-05-01,Altigen Announces Second Quarter Fiscal 2023 Earnings Call Information,https://www.californiatelegraph.com/news/273804846/altigen-announces-second-quarter-fiscal-2023-earnings-call-information,californiatelegraph.com,English,0.0,gdelt_gkg
MSFT,2023-05-01,"  Godfather of AI  Resigns from Google , Warns of the Danger of Artificial Intelligence",https://www.breitbart.com:443/tech/2023/05/01/godfather-of-ai-resigns-from-google-warns-of-the-danger-of-artificial-intelligence/,breitbart.com,English,0.0,gdelt_gkg
MSFT,2023-05-01,windowslatest . com,https://digg.com/source/windowslatest.com,digg.com,English,0.0,gdelt_gkg
MSFT,2023-05-01,Apple Earnings To Define Mixed Q1 Season As Stocks Test 2023 Highs,https://www.capjournal.com/arena/finance/apple-earnings-to-define-mixed-q1-season-as-stocks-test-2023-highs/article_30d96304-b0a9-567a-9ecb-00e172a28c68.html,capjournal.com,English,0.0,gdelt_gkg
MSFT,2023-05-01,Apple Earnings To Define Mixed Q1 Season As Stocks Test 2023 Highs,https://www.gwinnettdailypost.com/arena/thestreet/apple-earnings-to-define-mixed-q1-season-as-stocks-test-2023-highs/article_6cdcb4bf-7cd6-55d3-8f49-171fc22b6227.html,gwinnettdailypost.com,English,0.0,gdelt_gkg
MSFT,2023-05-01,The new Creamsicle - colored Xbox controller is available for pre - order,https://biztoc.com/x/8b3d68f5f9cad618,biztoc.com,English,0.0,gdelt_gkg
MSFT,2023-05-01,All the big new games coming out in May,https://biztoc.com/x/6b90f7fb777760bd,biztoc.com,English,0.0,gdelt_gkg
MSFT,2023-05-01,Meta seeks OpenAIs help to create AI coding assistant for its engineers,https://www.newkerala.com/news/2023/53598.htm,newkerala.com,English,0.0,gdelt_gkg
MSFT,2023-05-01,Microsoft strikes cloud gaming deal with Nware,https://www.rcrwireless.com/20230501/telco-cloud/microsoft-strikes-cloud-gaming-deal-with-nware,rcrwireless.com,English,0.0,gdelt_gkg
MSFT,2023-05-01,جو 24 : نسخة مجانية من وورد وباوربوينت فقط للطلاب والأستاذة,https://jo24.net/article/472405,jo24.net,Arabic,0.0,gdelt_gkg
MSFT,2023-05-01,"After Quitting Google ,  Godfather of AI  Is Now Warning of Its Dangers",https://www.gizmodo.com.au/2023/05/after-quitting-google-godfather-of-ai-is-now-warning-of-its-dangers/,gizmodo.com.au,English,0.0,gdelt_gkg
MSFT,2023-05-01,The Godfather Of AI Issues An Ominous Warning After Quitting Google,https://hothardware.com/news/godfather-of-ai-issues-ominous-warning-after-quitting-google,hothardware.com,English,0.0,gdelt_gkg
MSFT,2023-05-01,Windows 11 ganha um selector de widgets renovado ! ,https://www.leak.pt/windows-11-selector-de-widgets-renovado/,leak.pt,Portuguese,0.0,gdelt_gkg
MSFT,2023-05-01,WordPress drops Twitter social sharing due to API price hike,https://mashable.com/article/wordpress-drops-twitter-jetpack-social-sharing,mashable.com,English,0.0,gdelt_gkg
MSFT,2023-05-01,Godfather of AI resigns from Google and is filled with regret,https://www.dailymail.co.uk/sciencetech/article-12033889/Godfather-AI-resigns-Google-filled-regret.html,dailymail.co.uk,English,0.0,gdelt_gkg
MSFT,2023-05-01,Time to stand against U . S . regulation overreach,https://www.oann.com/commentary/time-to-stand-against-u-s-regulation-overreach/,oann.com,English,0.0,gdelt_gkg
MSFT,2023-05-01," [ NEW REPORT ] Fintech Market is estimated to be US$ 1 , 085 . 9 billion by 2032 with a CAGR of 19 . 8 % during the forecasted period – By PMI",https://finance.yahoo.com/news/report-fintech-market-estimated-us-170200089.html,finance.yahoo.com,English,0.0,gdelt_gkg
MSFT,2023-05-01,What are the biggest names in tech doing on AI ? ,https://www.foxbusiness.com/technology/what-are-biggest-names-tech-doing-ai,foxbusiness.com,English,0.0,gdelt_gkg
